{"options":{"check_for_updates":false,"comment":null,"compatopts_for_requires":true,"compat_wrappedjsobject":false,"compat_metadata":false,"compat_foreach":false,"compat_powerful_this":null,"sandbox":null,"noframes":null,"unwrap":null,"run_at":null,"tab_types":null,"override":{"merge_connects":true,"merge_excludes":true,"merge_includes":true,"merge_matches":true,"orig_connects":[],"orig_excludes":[],"orig_includes":["*&type=1ting*","*&type=ximalaya*","*://www.bumimi*","*://zuidazy*","*://www.zuidazy*","*://v.youku.com/v_show/id_*","*://v.qq.com/x/cover/*","*://v.qq.com/variety/p/topic/*","*://w.mgtv.com/b/*","*://www.mgtv.com/b/*","*://tw.iqiyi.com/v_*","*://www.iqiyi.com/v_*","*://www.iqiyi.com/a_*","*://www.iqiyi.com/w_*","*://www.iqiyi.com/kszt/*","*://tv.sohu.com/v/*","*://film.sohu.com/album/*","*://www.le.com/ptv/vplay/*","*://v.pptv.com/show/*","*://vip.1905.com/play/*","*://www.wasu.cn/*/show/id/*","*://www.fun.tv/vplay/g-*","*://www.ixigua.com/*","*://www.bilibili.com/bangumi/play/*"],"orig_matches":["*://www.bilibili.com/blackboard/*","*://www.bilibili.com/*video/*","*://player.bilibili.com/*","*://*.tudou.com/v/*","*://*.tudou.com/*/id_*","*://v-wb.youku.com/v_show/id_*","*://vku.youku.com/live/*","*://w.mgtv.com/l/*","*://w.mgtv.com/s/*","*://www.mgtv.com/l/*","*://www.mgtv.com/s/*","*://www.mgtv.com/act/*","*://haokan.baidu.com/v*","*://tieba.baidu.com/p/*","*://www.cupfox.com/search?key=*","*://movie.douban.com/subject/*","*://www.acfun.cn/*/ac*","*://*/htm_data/*.html","*://m.youku.com/*/id_*","*://m.mgtv.com/b/*","*://m.pptv.com/show/*","*://m.tv.sohu.com/v*","*://m.tv.sohu.com/u/*","*://m.tv.sohu.com/phone_play_film*","*://m.le.com/vplay_*","*://m.iqiyi.com/v_*","*://m.v.qq.com/*","*://3g.v.qq.com/*","*://v.qq.com/x/page/*","*://z1.m1907.cn/*","*://www.yinyuetai.com/play?id=*","*://pan.baidu.com/s/*","*://pan.baidu.com/play/*","*://yun.baidu.com/s/*","*://yun.baidu.com/play/*","*://m.bilibili.com/bangumi/play/*","*://m.douban.com/movie/subject/*","*://music.163.com/*","*://y.music.163.com/*","*://kuwo.cn/*","*://bd.kuwo.cn/*","*://www.kuwo.cn/*","*://m.kuwo.cn/newh5*","*://www.kugou.com/song/*","*://www.kugou.com/mvweb/*","*://m3ws.kugou.com/kgsong/*","*://m3ws.kugou.com/mv/*","*://m.kugou.com/*","*://y.qq.com/*","*://i.y.qq.com/*","*://www.xiami.com/*","*://h.xiami.com/*","*://m.xiami.com/*","*://music.migu.cn/*","*://m.music.migu.cn/*","*://5sing.kugou.com/*","*://kg.qq.com/node/*","*://www.app-echo.com/*","*://radio.sky31.com/*","*://m.ximalaya.com/*","*://www.ximalaya.com/*","*://www.1ting.com/*","*://greasyfork.org/*/scripts","*://greasyfork.org/*/scripts?*","*://greasyfork.org/*/users/*","*://greasyfork.org/*/by-site/*","*://sleazyfork.org/*/scripts","*://sleazyfork.org/*/scripts?*","*://sleazyfork.org/*/users/*","*://sleazyfork.org/*/by-site/*"],"orig_noframes":true,"orig_run_at":"document-end","use_blockers":[],"use_connects":[],"use_excludes":[],"use_includes":[],"use_matches":[]}},"settings":{"enabled":false,"position":42},"meta":{"name":"修改版【电脑 && 手机 全网唯一全自动脚本】VIP会员视频自动解析","uuid":"689a3f01-9325-4dff-8612-a0f3c6593412","modified":1687327341907}}